cim10;init;gpe;charls
B150;;ld;
B159;;ld;
B160;;ld;
B161;;ld;
B162;;ld;
B169;;ld;
B170;;ld;
B171;;ld;
B172;;ld;
B178;;ld;
B180;;ld;mld
B181;;ld;mld
B182;;ld;mld
B188;;ld;mld
B189;;ld;mld
B190;;ld;
B199;;ld;
B20;;hiv;hiv
B200;;hiv;hiv
B201;;hiv;hiv
B202;;hiv;hiv
B203;;hiv;hiv
B204;;hiv;hiv
B205;;hiv;hiv
B206;;hiv;hiv
B207;;hiv;hiv
B208;;hiv;hiv
B209;;hiv;hiv
B21;;hiv;hiv
B210;;hiv;hiv
B211;;hiv;hiv
B212;;hiv;hiv
B213;;hiv;hiv
B217;;hiv;hiv
B218;;hiv;hiv
B219;;hiv;hiv
B22;;hiv;hiv
B220;;hiv;hiv
B221;;hiv;hiv
B222;;hiv;hiv
B227;;hiv;hiv
B23;;hiv;
B230;;hiv;
B231;;hiv;
B232;;hiv;
B238;;hiv;
B24;;hiv;hiv
B24+0;;hiv;hiv
B24+1;;hiv;hiv
B24+9;;hiv;hiv
B251;;ld;
B942;;ld;
C00;;K;tum
C000;;K;tum
C001;;K;tum
C002;;K;tum
C003;;K;tum
C004;;K;tum
C005;;K;tum
C006;;K;tum
C008;;K;tum
C009;;K;tum
C01;;K;tum
C02;;K;tum
C020;;K;tum
C021;;K;tum
C022;;K;tum
C023;;K;tum
C024;;K;tum
C028;;K;tum
C029;;K;tum
C03;;K;tum
C030;;K;tum
C031;;K;tum
C039;1;K;tum
C04;;K;tum
C040;;K;tum
C041;;K;tum
C048;;K;tum
C049;;K;tum
C05;;K;tum
C050;;K;tum
C051;;K;tum
C052;;K;tum
C058;;K;tum
C059;;K;tum
C06;;K;tum
C060;;K;tum
C061;;K;tum
C062;;K;tum
C068;;K;tum
C069;1;K;tum
C07;;K;tum
C08;;K;tum
C080;;K;tum
C081;;K;tum
C088;;K;tum
C089;;K;tum
C09;;K;tum
C090;;K;tum
C091;;K;tum
C098;;K;tum
C099;1;K;tum
C10;;K;tum
C100;;K;tum
C101;;K;tum
C102;;K;tum
C103;;K;tum
C104;;K;tum
C108;;K;tum
C109;;K;tum
C11;;K;tum
C110;;K;tum
C111;;K;tum
C112;;K;tum
C113;;K;tum
C118;;K;tum
C119;1;K;tum
C12;;K;tum
C13;;K;tum
C130;;K;tum
C131;;K;tum
C132;;K;tum
C138;;K;tum
C139;;K;tum
C14;;K;tum
C140;;K;tum
C142;;K;tum
C148;;K;tum
C15;;K;tum
C150;;K;tum
C151;;K;tum
C152;;K;tum
C153;;K;tum
C154;;K;tum
C155;;K;tum
C158;;K;tum
C159;;K;tum
C16;;K;tum
C160;;K;tum
C161;;K;tum
C162;;K;tum
C163;;K;tum
C164;;K;tum
C165;;K;tum
C166;;K;tum
C168;;K;tum
C169;1;K;tum
C169+0;;K;tum
C169+8;;K;tum
C17;;K;tum
C170;1;K;tum
C171;1;K;tum
C172;1;K;tum
C173;;K;tum
C178;;K;tum
C179;;K;tum
C18;;K;tum
C180;;K;tum
C181;;K;tum
C182;;K;tum
C183;;K;tum
C184;;K;tum
C185;;K;tum
C186;;K;tum
C187;;K;tum
C188;;K;tum
C189;1;K;tum
C189+0;;K;tum
C189+8;;K;tum
C19;;K;tum
C20;1;K;tum
C21;;K;tum
C210;1;K;tum
C211;;K;tum
C212;;K;tum
C218;;K;tum
C22;;K;tum
C220;;K;tum
C221;;K;tum
C222;;K;tum
C223;;K;tum
C224;1;K;tum
C227;;K;tum
C229;;K;tum
C23;;K;tum
C24;;K;tum
C240;1;K;tum
C241;;K;tum
C248;;K;tum
C249;;K;tum
C25;;K;tum
C250;;K;tum
C251;;K;tum
C252;;K;tum
C253;;K;tum
C254;;K;tum
C254+0;;K;tum
C254+8;;K;tum
C257;;K;tum
C258;;K;tum
C259;;K;tum
C259+0;;K;tum
C259+8;;K;tum
C26;;K;tum
C260;;K;tum
C261;1;K;tum
C268;;K;tum
C269;1;K;tum
C30;;K;tum
C300;;K;tum
C301;;K;tum
C31;;K;tum
C310;;K;tum
C311;1;K;tum
C312;;K;tum
C313;;K;tum
C318;;K;tum
C319;;K;tum
C32;;K;tum
C320;;K;tum
C321;;K;tum
C322;;K;tum
C323;1;K;tum
C328;;K;tum
C329;;K;tum
C33;;K;tum
C34;;K;tum
C340;;K;tum
C341;1;K;tum
C342;;K;tum
C343;;K;tum
C348;;K;tum
C349;1;K;tum
C37;;K;tum
C38;;K;tum
C380;1;K;tum
C381;;K;tum
C382;;K;tum
C383;;K;tum
C384;1;K;tum
C388;;K;tum
C39;;K;tum
C390;;K;tum
C398;;K;tum
C399;;K;tum
C40;1;K;tum
C400;;K;tum
C401;;K;tum
C402;1;K;tum
C403;1;K;tum
C408;;K;tum
C409;;K;tum
C41;1;K;tum
C410;1;K;tum
C411;;K;tum
C412;1;K;tum
C413;1;K;tum
C414;1;K;tum
C418;;K;tum
C419;1;K;tum
C43;;K;tum
C430;;K;tum
C431;;K;tum
C432;;K;tum
C433;;K;tum
C434;;K;tum
C435;;K;tum
C436;;K;tum
C437;;K;tum
C438;;K;tum
C439;;K;tum
C44;;K;
C440;;K;
C441;;K;
C442;;K;
C443;1;K;
C444;;K;
C445;;K;
C446;;K;
C447;;K;
C448;;K;
C449;1;K;
C45;;K;tum
C450;;K;tum
C451;;K;tum
C452;;K;tum
C457;;K;tum
C459;;K;tum
C46;1;K;tum
C460;1;K;tum
C461;1;K;tum
C462;1;K;tum
C463;1;K;tum
C467;1;K;tum
C4670;1;K;tum
C4671;1;K;tum
C4672;1;K;tum
C4678;1;K;tum
C468;1;K;tum
C469;1;K;tum
C47;;K;tum
C470;;K;tum
C471;;K;tum
C472;;K;tum
C473;;K;tum
C474;;K;tum
C475;;K;tum
C476;;K;tum
C478;;K;tum
C479;1;K;tum
C48;;K;tum
C480;;K;tum
C481;1;K;tum
C482;;K;tum
C488;;K;tum
C49;;K;tum
C490;1;K;tum
C491;1;K;tum
C492;1;K;tum
C493;1;K;tum
C4930;;K;tum
C4938;;K;tum
C494;1;K;tum
C4940;;K;tum
C4948;;K;tum
C495;1;K;tum
C4950;;K;tum
C4958;;K;tum
C496;1;K;tum
C498;;K;tum
C499;1;K;tum
C50;;K;tum
C500;;K;tum
C501;;K;tum
C502;;K;tum
C503;;K;tum
C504;;K;tum
C505;;K;tum
C506;;K;tum
C508;;K;tum
C509;;K;tum
C51;;K;tum
C510;;K;tum
C511;;K;tum
C512;;K;tum
C518;;K;tum
C519;1;K;tum
C52;;K;tum
C53;;K;tum
C530;;K;tum
C531;;K;tum
C538;;K;tum
C539;1;K;tum
C54;;K;tum
C540;;K;tum
C541;1;K;tum
C542;;K;tum
C543;;K;tum
C548;;K;tum
C549;;K;tum
C55;1;K;tum
C56;1;K;tum
C57;;K;tum
C570;;K;tum
C571;;K;tum
C572;;K;tum
C573;;K;tum
C574;1;K;tum
C577;;K;tum
C578;;K;tum
C579;;K;tum
C58;;K;tum
C60;;K;tum
C600;;K;tum
C601;;K;tum
C602;;K;tum
C608;;K;tum
C609;1;K;tum
C61;;K;tum
C62;;K;tum
C620;;K;tum
C621;;K;tum
C629;;K;tum
C63;;K;tum
C630;;K;tum
C631;;K;tum
C632;;K;tum
C637;;K;tum
C638;;K;tum
C639;;K;tum
C64;1;K;tum
C65;;K;tum
C66;;K;tum
C67;;K;tum
C670;;K;tum
C671;;K;tum
C672;;K;tum
C673;;K;tum
C674;;K;tum
C675;;K;tum
C676;;K;tum
C677;;K;tum
C678;;K;tum
C679;1;K;tum
C68;;K;tum
C680;;K;tum
C681;;K;tum
C688;;K;tum
C689;;K;tum
C69;;K;tum
C690;;K;tum
C691;;K;tum
C692;;K;tum
C693;;K;tum
C694;;K;tum
C695;;K;tum
C696;;K;tum
C698;;K;tum
C699;1;K;tum
C70;;K;tum
C700;;K;tum
C701;;K;tum
C709;;K;tum
C71;;K;tum
C710;1;K;tum
C711;;K;tum
C712;;K;tum
C713;;K;tum
C714;;K;tum
C715;;K;tum
C716;;K;tum
C717;;K;tum
C718;;K;tum
C719;;K;tum
C72;;K;tum
C720;;K;tum
C721;;K;tum
C722;;K;tum
C723;;K;tum
C724;;K;tum
C725;;K;tum
C728;;K;tum
C729;;K;tum
C73;;K;tum
C74;;K;tum
C740;;K;tum
C741;;K;tum
C749;;K;tum
C75;;K;tum
C750;;K;tum
C751;;K;tum
C752;;K;tum
C753;;K;tum
C754;;K;tum
C755;;K;tum
C758;;K;tum
C759;;K;tum
C76;;K;tum
C760;;K;tum
C761;;K;tum
C762;;K;tum
C763;;K;tum
C764;;K;tum
C765;;K;tum
C767;;K;tum
C768;;K;tum
C77;;K;meta
C770;;K;meta
C771;;K;meta
C772;;K;meta
C773;;K;meta
C774;;K;meta
C775;;K;meta
C778;;K;meta
C779;;K;meta
C78;;K;meta
C780;;K;meta
C781;;K;meta
C782;;K;meta
C783;;K;meta
C784;;K;meta
C785;;K;meta
C786;;K;meta
C787;;K;meta
C788;;K;meta
C79;;K;meta
C790;;K;meta
C791;;K;meta
C792;;K;meta
C793;;K;meta
C794;;K;meta
C795;;K;meta
C796;;K;meta
C797;;K;meta
C798;;K;meta
C799;;K;meta
C80;;K;meta
C80+0;;K;meta
C800;;K;meta
C809;;K;meta
C81;;K;tum
C810;;K;tum
C811;;K;tum
C812;;K;tum
C813;;K;tum
C814;;K;tum
C817;;K;tum
C819;;K;tum
C82;;K;tum
C820;;K;tum
C821;;K;tum
C822;;K;tum
C823;;K;tum
C824;;K;tum
C825;;K;tum
C826;;K;tum
C827;;K;tum
C829;;K;tum
C83;;K;tum
C830;;K;tum
C831;;K;tum
C832;;K;tum
C833;;K;tum
C834;;K;tum
C835;;K;tum
C836;;K;tum
C837;;K;tum
C838;;K;tum
C839;;K;tum
C84;;K;tum
C840;;K;tum
C841;;K;tum
C842;;K;tum
C843;;K;tum
C844;;K;tum
C845;;K;tum
C846;;K;tum
C847;;K;tum
C848;;K;tum
C849;;K;tum
C85;;K;tum
C850;;K;tum
C851;;K;tum
C852;;K;tum
C857;;K;tum
C859;;K;tum
C86;;K;
C860;;K;
C861;;K;
C862;;K;
C863;;K;
C864;;K;
C865;;K;
C866;;K;
C88;;K;tum
C880;;K;tum
C881;;K;tum
C882;;K;tum
C883;;K;tum
C884;;K;tum
C887;;K;tum
C889;;K;tum
C90;;K;tum
C900;;K;tum
C901;;K;tum
C902;;K;tum
C903;;K;tum
C91;;K;tum
C910;;K;tum
C911;;K;tum
C912;;K;tum
C913;;K;tum
C914;;K;tum
C915;;K;tum
C916;;K;tum
C917;;K;tum
C918;;K;tum
C919;;K;tum
C92;;K;tum
C920;;K;tum
C921;;K;tum
C922;;K;tum
C923;;K;tum
C924;;K;tum
C925;;K;tum
C926;;K;tum
C927;;K;tum
C928;;K;tum
C929;;K;tum
C93;;K;tum
C930;;K;tum
C931;;K;tum
C932;;K;tum
C933;;K;tum
C937;;K;tum
C939;;K;tum
C94;;K;tum
C940;;K;tum
C941;;K;tum
C942;;K;tum
C943;;K;tum
C944;;K;tum
C945;;K;tum
C946;;K;tum
C947;;K;tum
C95;;K;tum
C950;;K;tum
C951;;K;tum
C952;;K;tum
C957;;K;tum
C959;;K;tum
C96;;K;tum
C960;;K;tum
C961;;K;tum
C962;;K;tum
C963;;K;tum
C964;;K;tum
C965;;K;tum
C966;;K;tum
C967;;K;tum
C968;;K;tum
C969;;K;tum
C97;;K;tum
D00;;K;
D000;;K;
D001;;K;
D002;;K;
D01;;K;
D010;;K;
D011;;K;
D012;;K;
D013;;K;
D014;;K;
D015;;K;
D017;;K;
D019;;K;
D02;;K;
D020;;K;
D021;;K;
D022;;K;
D023;;K;
D024;;K;
D03;;K;
D030;;K;
D031;;K;
D032;;K;
D033;;K;
D034;;K;
D035;;K;
D036;;K;
D037;;K;
D038;;K;
D039;;K;
D04;;K;
D040;;K;
D041;;K;
D042;;K;
D043;;K;
D044;;K;
D045;;K;
D046;;K;
D047;;K;
D048;;K;
D049;;K;
D05;;K;
D050;;K;
D051;;K;
D057;;K;
D059;;K;
D06;;K;
D060;;K;
D061;;K;
D067;;K;
D069;;K;
D07;;K;
D070;;K;
D071;;K;
D072;;K;
D073;;K;
D074;;K;
D075;;K;
D076;;K;
D09;;K;
D090;;K;
D091;;K;
D092;;K;
D093;;K;
D097;;K;
D099;;K;
D32;;meninge;
D320;;meninge;
D321;;meninge;
D329;;meninge;
D37;;tumeur;
D370;;tumeur;
D371;;tumeur;
D372;;tumeur;
D373;;tumeur;
D374;;tumeur;
D375;;tumeur;
D376;;tumeur;
D377;;tumeur;
D379;;tumeur;
D38;;tumeur;
D380;;tumeur;
D381;;tumeur;
D382;;tumeur;
D383;;tumeur;
D384;;tumeur;
D385;;tumeur;
D386;;tumeur;
D40;;tumeur;
D400;;tumeur;
D401;;tumeur;
D407;;tumeur;
D409;;tumeur;
D41;;tumeur;
D410;;tumeur;
D411;;tumeur;
D412;;tumeur;
D413;;tumeur;
D414;;tumeur;
D417;;tumeur;
D419;;tumeur;
D42;;tumeur;
D420;;tumeur;
D421;;tumeur;
D429;;tumeur;
D43;;tumeur;
D430;;tumeur;
D431;;tumeur;
D432;;tumeur;
D433;;tumeur;
D434;;tumeur;
D437;;tumeur;
D439;;tumeur;
D44;;tumeur;
D440;;tumeur;
D441;;tumeur;
D442;;tumeur;
D443;;tumeur;
D444;;tumeur;
D4440;;tumeur;
D4448;;tumeur;
D445;;tumeur;
D446;;tumeur;
D447;;tumeur;
D448;;tumeur;
D449;;tumeur;
D45;;tumeur;
D46;;tumeur;
D460;;tumeur;
D461;;tumeur;
D462;;tumeur;
D463;;tumeur;
D464;;tumeur;
D465;;tumeur;
D466;;tumeur;
D467;;tumeur;
D469;;tumeur;
D47;;tumeur;
D470;;tumeur;
D471;;tumeur;
D472;;tumeur;
D473;;tumeur;
D474;;tumeur;
D475;;tumeur;
D477;;tumeur;
D479;;tumeur;
D48;;tumeur;
D480;;tumeur;
D481;;tumeur;
D482;;tumeur;
D483;;tumeur;
D4830;;tumeur;
D4838;;tumeur;
D484;;tumeur;
D485;;tumeur;
D486;;tumeur;
D487;;tumeur;
D489;;tumeur;
D684;;ld;
E10;;diab;
E100;;diab;diab
E101;;diab;diab
E102;;diab;diab_c
E103;;diab;diab_c
E104;;diab;diab_c
E105;;diab;diab_c
E106;;diab;diab
E107;;diab;diab_c
E108;;diab;diab
E109;;diab;diab
E11;;diab;
E110;;diab;diab
E1100;;diab;diab
E1108;;diab;diab
E111;;diab;diab
E1110;;diab;diab
E1118;;diab;diab
E112;;diab;diab_c
E1120;;diab;diab_c
E1128;;diab;diab_c
E113;;diab;diab_c
E1130;;diab;diab_c
E1138;;diab;diab_c
E114;;diab;diab_c
E1140;;diab;diab_c
E1148;;diab;diab_c
E115;;diab;diab_c
E1150;;diab;diab_c
E1158;;diab;diab_c
E116;;diab;diab
E1160;;diab;diab
E1168;;diab;diab
E117;;diab;diab_c
E1170;;diab;diab_c
E1178;;diab;diab_c
E118;;diab;diab
E1180;;diab;diab
E1188;;diab;diab
E119;;diab;diab
E1190;;diab;diab
E1198;;diab;diab
E12;;diab;
E120;;diab;diab
E121;;diab;diab
E122;;diab;diab_c
E123;;diab;diab_c
E124;;diab;diab_c
E125;;diab;diab_c
E126;;diab;diab
E127;;diab;diab_c
E128;;diab;diab
E129;;diab;diab
E13;;diab;
E130;;diab;diab
E131;;diab;diab
E132;;diab;diab_c
E133;;diab;diab_c
E134;;diab;diab_c
E135;;diab;diab_c
E136;;diab;diab
E137;;diab;diab_c
E138;;diab;diab
E139;;diab;diab
E14;;diab;
E140;;diab;diab
E141;;diab;diab
E142;;diab;diab_c
E143;;diab;diab_c
E144;;diab;diab_c
E145;;diab;diab_c
E146;;diab;diab
E147;;diab;diab_c
E148;;diab;diab
E149;;diab;diab
E244;;alcool;
E66;;obesity;
E660;;obesity;
E6600;;obesity;
E6601;;obesity;
E6602;;obesity;
E6603;;obesity;
E6604;;obesity;
E6605;;obesity;
E6606;;obesity;
E6607;;obesity;
E6609;;obesity;
E661;;obesity;
E6610;;obesity;
E6611;;obesity;
E6612;;obesity;
E6613;;obesity;
E6614;;obesity;
E6615;;obesity;
E6616;;obesity;
E6617;;obesity;
E6619;;obesity;
E662;;obesity;
E6620;;obesity;
E6621;;obesity;
E6622;;obesity;
E6624;;obesity;
E6625;;obesity;
E6626;;obesity;
E6627;;obesity;
E6629;;obesity;
E668;;obesity;
E6680;;obesity;
E6681;;obesity;
E6682;;obesity;
E6683;;obesity;
E6684;;obesity;
E6685;;obesity;
E6686;;obesity;
E6687;;obesity;
E6689;;obesity;
E669;;obesity;
E6690;;obesity;
E6691;;obesity;
E6692;;obesity;
E6693;;obesity;
E6694;;obesity;
E6695;;obesity;
E6696;;obesity;
E6697;;obesity;
E6699;;obesity;
F00;;dem;dem
F000;;dem;dem
F0000;;dem;dem
F00000;;dem;dem
F00001;;dem;dem
F00002;;dem;dem
F0001;;dem;dem
F00010;;dem;dem
F00011;;dem;dem
F00012;;dem;dem
F0002;;dem;dem
F00020;;dem;dem
F00021;;dem;dem
F00022;;dem;dem
F0003;;dem;dem
F00030;;dem;dem
F00031;;dem;dem
F00032;;dem;dem
F0004;;dem;dem
F00040;;dem;dem
F00041;;dem;dem
F00042;;dem;dem
F001;;dem;dem
F0010;;dem;dem
F00100;;dem;dem
F00101;;dem;dem
F00102;;dem;dem
F0011;;dem;dem
F00110;;dem;dem
F00111;;dem;dem
F00112;;dem;dem
F0012;;dem;dem
F00120;;dem;dem
F00121;;dem;dem
F00122;;dem;dem
F0013;;dem;dem
F00130;;dem;dem
F00131;;dem;dem
F00132;;dem;dem
F0014;;dem;dem
F00140;;dem;dem
F00141;;dem;dem
F00142;;dem;dem
F002;;dem;dem
F0020;;dem;dem
F00200;;dem;dem
F00201;;dem;dem
F00202;;dem;dem
F0021;;dem;dem
F00210;;dem;dem
F00211;;dem;dem
F00212;;dem;dem
F0022;;dem;dem
F00220;;dem;dem
F00221;;dem;dem
F00222;;dem;dem
F0023;;dem;dem
F00230;;dem;dem
F00231;;dem;dem
F00232;;dem;dem
F0024;;dem;dem
F00240;;dem;dem
F00241;;dem;dem
F00242;;dem;dem
F009;;dem;dem
F0090;;dem;dem
F00900;;dem;dem
F00901;;dem;dem
F00902;;dem;dem
F0091;;dem;dem
F00910;;dem;dem
F00911;;dem;dem
F00912;;dem;dem
F0092;;dem;dem
F00920;;dem;dem
F00921;;dem;dem
F00922;;dem;dem
F0093;;dem;dem
F00930;;dem;dem
F00931;;dem;dem
F00932;;dem;dem
F0094;;dem;dem
F00940;;dem;dem
F00941;;dem;dem
F00942;;dem;dem
F01;;dem;dem
F010;;dem;dem
F0100;;dem;dem
F01000;;dem;dem
F01001;;dem;dem
F01002;;dem;dem
F0101;;dem;dem
F01010;;dem;dem
F01011;;dem;dem
F01012;;dem;dem
F0102;;dem;dem
F01020;;dem;dem
F01021;;dem;dem
F01022;;dem;dem
F0103;;dem;dem
F01030;;dem;dem
F01031;;dem;dem
F01032;;dem;dem
F0104;;dem;dem
F01040;;dem;dem
F01041;;dem;dem
F01042;;dem;dem
F011;;dem;dem
F0110;;dem;dem
F01100;;dem;dem
F01101;;dem;dem
F01102;;dem;dem
F0111;;dem;dem
F01110;;dem;dem
F01111;;dem;dem
F01112;;dem;dem
F0112;;dem;dem
F01120;;dem;dem
F01121;;dem;dem
F01122;;dem;dem
F0113;;dem;dem
F01130;;dem;dem
F01131;;dem;dem
F01132;;dem;dem
F0114;;dem;dem
F01140;;dem;dem
F01141;;dem;dem
F01142;;dem;dem
F012;;dem;dem
F0120;;dem;dem
F01200;;dem;dem
F01201;;dem;dem
F01202;;dem;dem
F0121;;dem;dem
F01210;;dem;dem
F01211;;dem;dem
F01212;;dem;dem
F0122;;dem;dem
F01220;;dem;dem
F01221;;dem;dem
F01222;;dem;dem
F0123;;dem;dem
F01230;;dem;dem
F01231;;dem;dem
F01232;;dem;dem
F0124;;dem;dem
F01240;;dem;dem
F01241;;dem;dem
F01242;;dem;dem
F013;;dem;dem
F0130;;dem;dem
F01300;;dem;dem
F01301;;dem;dem
F01302;;dem;dem
F0131;;dem;dem
F01310;;dem;dem
F01311;;dem;dem
F01312;;dem;dem
F0132;;dem;dem
F01320;;dem;dem
F01321;;dem;dem
F01322;;dem;dem
F0133;;dem;dem
F01330;;dem;dem
F01331;;dem;dem
F01332;;dem;dem
F0134;;dem;dem
F01340;;dem;dem
F01341;;dem;dem
F01342;;dem;dem
F018;;dem;dem
F0180;;dem;dem
F01800;;dem;dem
F01801;;dem;dem
F01802;;dem;dem
F0181;;dem;dem
F01810;;dem;dem
F01811;;dem;dem
F01812;;dem;dem
F0182;;dem;dem
F01820;;dem;dem
F01821;;dem;dem
F01822;;dem;dem
F0183;;dem;dem
F01830;;dem;dem
F01831;;dem;dem
F01832;;dem;dem
F0184;;dem;dem
F01840;;dem;dem
F01841;;dem;dem
F01842;;dem;dem
F019;;dem;dem
F0190;;dem;dem
F01900;;dem;dem
F01901;;dem;dem
F01902;;dem;dem
F0191;;dem;dem
F01910;;dem;dem
F01911;;dem;dem
F01912;;dem;dem
F0192;;dem;dem
F01920;;dem;dem
F01921;;dem;dem
F01922;;dem;dem
F0193;;dem;dem
F01930;;dem;dem
F01931;;dem;dem
F01932;;dem;dem
F0194;;dem;dem
F01940;;dem;dem
F01941;;dem;dem
F01942;;dem;dem
F02;;dem;dem
F020;;dem;dem
F0200;;dem;dem
F02000;;dem;dem
F02001;;dem;dem
F02002;;dem;dem
F0201;;dem;dem
F02010;;dem;dem
F02011;;dem;dem
F02012;;dem;dem
F0202;;dem;dem
F02020;;dem;dem
F02021;;dem;dem
F02022;;dem;dem
F0203;;dem;dem
F02030;;dem;dem
F02031;;dem;dem
F02032;;dem;dem
F0204;;dem;dem
F02040;;dem;dem
F02041;;dem;dem
F02042;;dem;dem
F021;;dem;dem
F0210;;dem;dem
F02100;;dem;dem
F02101;;dem;dem
F02102;;dem;dem
F0211;;dem;dem
F02110;;dem;dem
F02111;;dem;dem
F02112;;dem;dem
F0212;;dem;dem
F02120;;dem;dem
F02121;;dem;dem
F02122;;dem;dem
F0213;;dem;dem
F02130;;dem;dem
F02131;;dem;dem
F02132;;dem;dem
F0214;;dem;dem
F02140;;dem;dem
F02141;;dem;dem
F02142;;dem;dem
F022;;dem;dem
F0220;;dem;dem
F02200;;dem;dem
F02201;;dem;dem
F02202;;dem;dem
F0221;;dem;dem
F02210;;dem;dem
F02211;;dem;dem
F02212;;dem;dem
F0222;;dem;dem
F02220;;dem;dem
F02221;;dem;dem
F02222;;dem;dem
F0223;;dem;dem
F02230;;dem;dem
F02231;;dem;dem
F02232;;dem;dem
F0224;;dem;dem
F02240;;dem;dem
F02241;;dem;dem
F02242;;dem;dem
F023;;dem;dem
F0230;;dem;dem
F02300;;dem;dem
F02301;;dem;dem
F02302;;dem;dem
F0231;;dem;dem
F02310;;dem;dem
F02311;;dem;dem
F02312;;dem;dem
F0232;;dem;dem
F02320;;dem;dem
F02321;;dem;dem
F02322;;dem;dem
F0233;;dem;dem
F02330;;dem;dem
F02331;;dem;dem
F02332;;dem;dem
F0234;;dem;dem
F02340;;dem;dem
F02341;;dem;dem
F02342;;dem;dem
F024;;dem;dem
F0240;;dem;dem
F02400;;dem;dem
F02401;;dem;dem
F02402;;dem;dem
F0241;;dem;dem
F02410;;dem;dem
F02411;;dem;dem
F02412;;dem;dem
F0242;;dem;dem
F02420;;dem;dem
F02421;;dem;dem
F02422;;dem;dem
F0243;;dem;dem
F02430;;dem;dem
F02431;;dem;dem
F02432;;dem;dem
F0244;;dem;dem
F02440;;dem;dem
F02441;;dem;dem
F02442;;dem;dem
F028;;dem;dem
F0280;;dem;dem
F02800;;dem;dem
F02801;;dem;dem
F02802;;dem;dem
F0281;;dem;dem
F02810;;dem;dem
F02811;;dem;dem
F02812;;dem;dem
F0282;;dem;dem
F02820;;dem;dem
F02821;;dem;dem
F02822;;dem;dem
F0283;;dem;dem
F02830;;dem;dem
F02831;;dem;dem
F02832;;dem;dem
F0284;;dem;dem
F02840;;dem;dem
F02841;;dem;dem
F02842;;dem;dem
F03;;dem;dem
F03+0;;dem;dem
F03+00;;dem;dem
F03+01;;dem;dem
F03+02;;dem;dem
F03+1;;dem;dem
F03+10;;dem;dem
F03+11;;dem;dem
F03+12;;dem;dem
F03+2;;dem;dem
F03+20;;dem;dem
F03+21;;dem;dem
F03+22;;dem;dem
F03+3;;dem;dem
F03+30;;dem;dem
F03+31;;dem;dem
F03+32;;dem;dem
F03+4;;dem;dem
F03+40;;dem;dem
F03+41;;dem;dem
F03+42;;dem;dem
F051;;dem;dem
F10;;alcool;
F100;;alcool;
F1000;;alcool;
F1001;;alcool;
F1002;;alcool;
F1003;;alcool;
F1004;;alcool;
F1005;;alcool;
F1006;;alcool;
F1007;;alcool;
F101;;alcool;
F102;;alcool;
F1020;;alcool;
F10200;;alcool;
F10201;;alcool;
F10202;;alcool;
F1021;;alcool;
F1022;;alcool;
F1023;;alcool;
F1024;;alcool;
F10240;;alcool;
F10241;;alcool;
F1025;;alcool;
F1026;;alcool;
F103;;alcool;
F1030;;alcool;
F1031;;alcool;
F104;;alcool;
F1040;;alcool;
F1041;;alcool;
F105;;alcool;
F1050;;alcool;
F1051;;alcool;
F1052;;alcool;
F1053;;alcool;
F1054;;alcool;
F1055;;alcool;
F1056;;alcool;
F106;;alcool;
F107;;alcool;
F1070;;alcool;
F1071;;alcool;
F1072;;alcool;
F1073;;alcool;
F1074;;alcool;
F1075;;alcool;
F108;;alcool;
F109;;alcool;
F17;;smoke;
F170;;smoke;
F1700;;smoke;
F1701;;smoke;
F1702;;smoke;
F1703;;smoke;
F1704;;smoke;
F1705;;smoke;
F1706;;smoke;
F1707;;smoke;
F171;;smoke;
F172;;smoke;
F1720;;smoke;
F17200;;smoke;
F17201;;smoke;
F17202;;smoke;
F1721;;smoke;
F1722;;smoke;
F1723;;smoke;
F1724;;smoke;
F17240;;smoke;
F17241;;smoke;
F1725;;smoke;
F1726;;smoke;
F173;;smoke;
F1730;;smoke;
F1731;;smoke;
F174;;smoke;
F1740;;smoke;
F1741;;smoke;
F175;;smoke;
F1750;;smoke;
F1751;;smoke;
F1752;;smoke;
F1753;;smoke;
F1754;;smoke;
F1755;;smoke;
F1756;;smoke;
F176;;smoke;
F177;;smoke;
F1770;;smoke;
F1771;;smoke;
F1772;;smoke;
F1773;;smoke;
F1774;;smoke;
F1775;;smoke;
F178;;smoke;
F179;;smoke;
G04;;brain_inf;
G040;;brain_inf;
G041;;brain_inf;hemi
G042;;brain_inf;
G048;;brain_inf;
G049;;brain_inf;
G07;;brain_inf;
G114;;hemi;hemi
G30;;dem;dem
G300;;dem;dem
G301;;dem;dem
G308;;dem;dem
G309;;dem;dem
G311;;dem;dem
G312;;alcool;
G40;;convuls;
G400;;convuls;
G401;;convuls;
G402;;convuls;
G403;;convuls;
G404;;convuls;
G405;;convuls;
G406;;convuls;
G407;;convuls;
G408;;convuls;
G409;;convuls;
G41;;convuls;
G410;;convuls;
G411;;convuls;
G412;;convuls;
G418;;convuls;
G419;;convuls;
G45;;is;cvd
G450;;is;cvd
G451;;is;cvd
G452;;is;cvd
G453;;is;cvd
G454;;is;cvd
G458;;is;cvd
G459;;is;cvd
G46;;;cvd
G460;;;cvd
G461;;;cvd
G462;;;cvd
G463;;;cvd
G464;;;cvd
G465;;;cvd
G466;;;cvd
G467;;;cvd
G468;;;cvd
G621;;alcool;
G721;;alcool;
G801;;;hemi
G802;;;hemi
G81;;;hemi
G810;;;hemi
G8100;;;hemi
G8101;;;hemi
G8108;;;hemi
G811;;;hemi
G819;;;hemi
G82;;;hemi
G820;;;hemi
G821;;;hemi
G822;;;hemi
G823;;;hemi
G824;;;hemi
G825;;;hemi
G83;;;hemi
G830;;;hemi
G831;;;hemi
G832;;;hemi
G833;;;hemi
G834;;;hemi
G839;;;hemi
G93;;brain_o;
G930;;brain_o;
G931;;brain_o;
G932;;brain_o;
G934;;brain_o;
G935;;brain_o;
G936;;brain_o;
G938;;brain_o;
G939;;brain_o;
H340;;;cvd
I099;;hf;
I10;;hta;
I110;;hf;chf
I120;;;rd
I130;;hf;chf
I131;;;rd
I132;;hf;chf
I15;;hta;
I150;;hta;
I151;;hta;
I152;;hta;
I158;;hta;
I159;;hta;
I20;;ihd;
I200;;ihd;
I200+0;;ihd;
I201;;ihd;
I208;;ihd;
I209;;ihd;
I21;;ihd;mi
I210;;ihd;mi
I2100;;ihd;mi
I21000;;ihd;mi
I2108;;ihd;mi
I211;;ihd;mi
I2110;;ihd;mi
I21100;;ihd;mi
I2118;;ihd;mi
I212;;ihd;mi
I2120;;ihd;mi
I21200;;ihd;mi
I2128;;ihd;mi
I213;;ihd;mi
I2130;;ihd;mi
I21300;;ihd;mi
I2138;;ihd;mi
I214;;ihd;mi
I2140;;ihd;mi
I21400;;ihd;mi
I2148;;ihd;mi
I219;;ihd;mi
I2190;;ihd;mi
I21900;;ihd;mi
I2198;;ihd;mi
I22;;ihd;ihd
I220;;ihd;ihd
I2200;;ihd;ihd
I22000;;ihd;ihd
I2208;;ihd;ihd
I221;;ihd;ihd
I2210;;ihd;ihd
I22100;;ihd;ihd
I2218;;ihd;ihd
I228;;ihd;ihd
I2280;;ihd;ihd
I22800;;ihd;ihd
I2288;;ihd;ihd
I229;;ihd;ihd
I2290;;ihd;ihd
I22900;;ihd;ihd
I2298;;ihd;ihd
I23;;ihd;ihd
I230;;ihd;ihd
I231;;ihd;ihd
I232;;ihd;ihd
I233;;ihd;ihd
I234;;ihd;ihd
I235;;ihd;ihd
I236;;ihd;ihd
I238;;ihd;ihd
I24;;ihd;ihd
I240;;ihd;ihd
I241;;ihd;ihd
I248;;ihd;ihd
I249;;ihd;ihd
I25;;ihd;ihd
I250;;ihd;ihd
I251;;ihd;ihd
I252;;ihd;ihd
I253;;ihd;ihd
I254;;ihd;ihd
I255;;ihd;ihd
I256;;ihd;ihd
I258;;ihd;ihd
I259;;ihd;ihd
I278;;;cpd
I279;;;cpd
I42;;hf;
I420;;hf;
I421;;hf;
I422;;hf;
I423;;hf;
I424;;hf;
I425;;hf;
I426;;alcool;
I426;;hf;
I427;;hf;
I428;;hf;
I429;;hf;
I43;;hf;
I430;;hf;
I431;;hf;
I432;;hf;
I438;;hf;
I48;;af;
I480;;af;
I481;;af;
I482;;af;
I483;;af;
I484;;af;
I489;;af;
I50;;hf;chf
I500;;hf;chf
I501;;hf;chf
I509;;hf;chf
I60;;;cvd
I600;;;cvd
I601;;;cvd
I602;;;cvd
I603;;;cvd
I604;;;cvd
I605;;;cvd
I606;;;cvd
I607;;;cvd
I608;;;cvd
I609;;;cvd
I61;;;cvd
I610;;;cvd
I611;;;cvd
I612;;;cvd
I613;;;cvd
I614;;;cvd
I615;;;cvd
I616;;;cvd
I618;;;cvd
I619;;;cvd
I62;;;cvd
I620;;;cvd
I621;;;cvd
I629;;;cvd
I63;;;cvd
I630;;is;cvd
I631;;is;cvd
I632;;is;cvd
I633;;is;cvd
I634;;is;cvd
I635;;is;cvd
I636;;;cvd
I638;;;cvd
I639;;;cvd
I64;;;cvd
I65;;;cvd
I650;;;cvd
I651;;;cvd
I652;;;cvd
I653;;;cvd
I658;;;cvd
I659;;;cvd
I66;;;cvd
I660;;;cvd
I661;;;cvd
I662;;;cvd
I663;;;cvd
I664;;;cvd
I668;;;cvd
I669;;;cvd
I67;;;cvd
I670;;;cvd
I671;;;cvd
I672;;;cvd
I673;;;cvd
I674;;;cvd
I675;;;cvd
I676;;;cvd
I677;;;cvd
I678;;;cvd
I679;;;cvd
I68;;;cvd
I680;;;cvd
I681;;;cvd
I682;;;cvd
I688;;;cvd
I69;;;cvd
I690;;;cvd
I691;;;cvd
I692;;;cvd
I693;;;cvd
I694;;;cvd
I698;;;cvd
I70;;athe_emb;pvd
I700;;athe_emb;pvd
I7000;;athe_emb;pvd
I7001;;athe_emb;pvd
I701;;athe_emb;pvd
I702;;athe_emb;pvd
I7020;;athe_emb;pvd
I7021;;athe_emb;pvd
I708;;athe_emb;pvd
I7080;;athe_emb;pvd
I7081;;athe_emb;pvd
I709;;athe_emb;pvd
I7090;;athe_emb;pvd
I7091;;athe_emb;pvd
I71;;;pvd
I710;;;pvd
I711;;;pvd
I712;;;pvd
I713;;;pvd
I714;;;pvd
I715;;;pvd
I716;;;pvd
I718;;;pvd
I719;;;pvd
I731;;smoke;pvd
I738;;;pvd
I739;;;pvd
I74;;athe_emb;
I740;;athe_emb;
I741;;athe_emb;
I742;;athe_emb;
I743;;athe_emb;
I744;;athe_emb;
I745;;athe_emb;
I748;;athe_emb;
I749;;athe_emb;
I771;;;pvd
I790;;;pvd
I792;;;pvd
I850;;ld;msld
I859;;ld;msld
I864;;ld;msld
I982;;ld;msld
J40;;;cpd
J41;;smoke;cpd
J410;;smoke;cpd
J411;;smoke;cpd
J418;;smoke;cpd
J42;;smoke;cpd
J43;;smoke;cpd
J430;;smoke;cpd
J431;;smoke;cpd
J432;;smoke;cpd
J438;;smoke;cpd
J439;;smoke;cpd
J44;;smoke;cpd
J440;;smoke;cpd
J441;;smoke;cpd
J448;;smoke;cpd
J449;;smoke;cpd
J45;;;cpd
J450;;;cpd
J451;;;cpd
J458;;;cpd
J459;;;cpd
J46;;;cpd
J47;;;cpd
J60;;;cpd
J61;;;cpd
J62;;;cpd
J620;;;cpd
J628;;;cpd
J63;;;cpd
J630;;;cpd
J631;;;cpd
J632;;;cpd
J633;;;cpd
J634;;;cpd
J635;;;cpd
J638;;;cpd
J64;;;cpd
J65;;;cpd
J66;;;cpd
J660;;;cpd
J661;;;cpd
J662;;;cpd
J668;;;cpd
J67;;;cpd
J670;;;cpd
J671;;;cpd
J672;;;cpd
J673;;;cpd
J674;;;cpd
J675;;;cpd
J676;;;cpd
J677;;;cpd
J678;;;cpd
J679;;;cpd
J684;;;cpd
J701;;;cpd
J703;;;cpd
K25;;ulcer;ulcer
K250;;ulcer;ulcer
K251;;ulcer;ulcer
K252;;ulcer;ulcer
K253;;ulcer;ulcer
K254;;ulcer;ulcer
K255;;ulcer;ulcer
K256;;ulcer;ulcer
K257;;ulcer;ulcer
K259;;ulcer;ulcer
K26;;ulcer;ulcer
K260;;ulcer;ulcer
K261;;ulcer;ulcer
K262;;ulcer;ulcer
K263;;ulcer;ulcer
K264;;ulcer;ulcer
K265;;ulcer;ulcer
K266;;ulcer;ulcer
K267;;ulcer;ulcer
K269;;ulcer;ulcer
K27;;ulcer;ulcer
K270;;ulcer;ulcer
K271;;ulcer;ulcer
K272;;ulcer;ulcer
K273;;ulcer;ulcer
K274;;ulcer;ulcer
K275;;ulcer;ulcer
K276;;ulcer;ulcer
K277;;ulcer;ulcer
K279;;ulcer;ulcer
K28;;ulcer;ulcer
K280;;ulcer;ulcer
K281;;ulcer;ulcer
K282;;ulcer;ulcer
K283;;ulcer;ulcer
K284;;ulcer;ulcer
K285;;ulcer;ulcer
K286;;ulcer;ulcer
K287;;ulcer;ulcer
K289;;ulcer;ulcer
K292;;alcool;
K551;;;pvd
K558;;;pvd
K559;;;pvd
K70;;ld;
K700;;ld;mld
K701;;ld;mld
K702;;ld;mld
K703;;ld;mld
K704;;ld;msld
K709;;ld;mld
K710;;ld;
K711;;ld;msld
K712;;ld;
K713;;ld;mld
K714;;ld;mld
K715;;ld;mld
K716;;ld;
K717;;ld;mld
K718;;ld;
K719;;ld;
K720;;;
K721;;ld;msld
K729;;ld;msld
K730;;ld;mld
K731;;ld;mld
K732;;ld;mld
K738;;ld;mld
K739;;ld;mld
K74;;ld;mld
K740;;ld;mld
K741;;ld;mld
K742;;ld;mld
K743;;ld;mld
K744;;ld;mld
K745;;ld;mld
K746;;ld;mld
K750;;ld;
K751;;ld;
K752;;ld;
K753;;ld;
K754;;ld;
K758;;ld;
K759;;ld;
K760;;ld;mld
K761;;ld;
K762;;ld;mld
K763;;ld;mld
K764;;ld;mld
K765;;ld;msld
K766;;ld;msld
K767;;ld;msld
K768;;ld;mld
K769;;ld;mld
K770;;ld;
K778;;ld;
K85;;pancreas;
K850;;pancreas;
K851;;pancreas;
K852;;pancreas;
K853;;pancreas;
K858;;pancreas;
K859;;pancreas;
K860;;alcool;
M05;;rhd;rhd
M050;;rhd;rhd
M0500;;rhd;rhd
M0501;;rhd;rhd
M0502;;rhd;rhd
M0503;;rhd;rhd
M0504;;rhd;rhd
M0505;;rhd;rhd
M0506;;rhd;rhd
M0507;;rhd;rhd
M0508;;rhd;rhd
M0509;;rhd;rhd
M051;;rhd;rhd
M0510;;rhd;rhd
M0511;;rhd;rhd
M0512;;rhd;rhd
M0513;;rhd;rhd
M0514;;rhd;rhd
M0515;;rhd;rhd
M0516;;rhd;rhd
M0517;;rhd;rhd
M0518;;rhd;rhd
M0519;;rhd;rhd
M052;;rhd;rhd
M0520;;rhd;rhd
M0521;;rhd;rhd
M0522;;rhd;rhd
M0523;;rhd;rhd
M0524;;rhd;rhd
M0525;;rhd;rhd
M0526;;rhd;rhd
M0527;;rhd;rhd
M0528;;rhd;rhd
M0529;;rhd;rhd
M053;;rhd;rhd
M0530;;rhd;rhd
M0531;;rhd;rhd
M0532;;rhd;rhd
M0533;;rhd;rhd
M0534;;rhd;rhd
M0535;;rhd;rhd
M0536;;rhd;rhd
M0537;;rhd;rhd
M0538;;rhd;rhd
M0539;;rhd;rhd
M058;;rhd;rhd
M0580;;rhd;rhd
M0581;;rhd;rhd
M0582;;rhd;rhd
M0583;;rhd;rhd
M0584;;rhd;rhd
M0585;;rhd;rhd
M0586;;rhd;rhd
M0587;;rhd;rhd
M0588;;rhd;rhd
M0589;;rhd;rhd
M059;;rhd;rhd
M0590;;rhd;rhd
M0591;;rhd;rhd
M0592;;rhd;rhd
M0593;;rhd;rhd
M0594;;rhd;rhd
M0595;;rhd;rhd
M0596;;rhd;rhd
M0597;;rhd;rhd
M0598;;rhd;rhd
M0599;;rhd;rhd
M06;;rhd;rhd
M060;;rhd;rhd
M0600;;rhd;rhd
M0601;;rhd;rhd
M0602;;rhd;rhd
M0603;;rhd;rhd
M0604;;rhd;rhd
M0605;;rhd;rhd
M0606;;rhd;rhd
M0607;;rhd;rhd
M0608;;rhd;rhd
M0609;;rhd;rhd
M061;;rhd;rhd
M0610;;rhd;rhd
M0611;;rhd;rhd
M0612;;rhd;rhd
M0613;;rhd;rhd
M0614;;rhd;rhd
M0615;;rhd;rhd
M0616;;rhd;rhd
M0617;;rhd;rhd
M0618;;rhd;rhd
M0619;;rhd;rhd
M062;;rhd;rhd
M0620;;rhd;rhd
M0621;;rhd;rhd
M0622;;rhd;rhd
M0623;;rhd;rhd
M0624;;rhd;rhd
M0625;;rhd;rhd
M0626;;rhd;rhd
M0627;;rhd;rhd
M0628;;rhd;rhd
M0629;;rhd;rhd
M063;;rhd;rhd
M0630;;rhd;rhd
M0631;;rhd;rhd
M0632;;rhd;rhd
M0633;;rhd;rhd
M0634;;rhd;rhd
M0635;;rhd;rhd
M0636;;rhd;rhd
M0637;;rhd;rhd
M0638;;rhd;rhd
M0639;;rhd;rhd
M064;;rhd;rhd
M0640;;rhd;rhd
M0641;;rhd;rhd
M0642;;rhd;rhd
M0643;;rhd;rhd
M0644;;rhd;rhd
M0645;;rhd;rhd
M0646;;rhd;rhd
M0647;;rhd;rhd
M0648;;rhd;rhd
M0649;;rhd;rhd
M068;;rhd;rhd
M0680;;rhd;rhd
M0681;;rhd;rhd
M0682;;rhd;rhd
M0683;;rhd;rhd
M0684;;rhd;rhd
M0685;;rhd;rhd
M0686;;rhd;rhd
M0687;;rhd;rhd
M0688;;rhd;rhd
M0689;;rhd;rhd
M069;;rhd;rhd
M0690;;rhd;rhd
M0691;;rhd;rhd
M0692;;rhd;rhd
M0693;;rhd;rhd
M0694;;rhd;rhd
M0695;;rhd;rhd
M0696;;rhd;rhd
M0697;;rhd;rhd
M0698;;rhd;rhd
M0699;;rhd;rhd
M315;;rhd;rhd
M32;;rhd;rhd
M320;;rhd;rhd
M321;;rhd;rhd
M328;;rhd;rhd
M329;;rhd;rhd
M33;;rhd;rhd
M330;;rhd;rhd
M331;;rhd;rhd
M332;;rhd;rhd
M339;;rhd;rhd
M34;;rhd;rhd
M340;;rhd;rhd
M341;;rhd;rhd
M342;;rhd;rhd
M348;;rhd;rhd
M349;;rhd;rhd
M351;;rhd;rhd
M353;;rhd;rhd
M360;;rhd;rhd
N032;;;rd
N033;;;rd
N034;;;rd
N035;;;rd
N036;;;rd
N037;;;rd
N052;;;rd
N053;;;rd
N054;;;rd
N055;;;rd
N056;;;rd
N057;;;rd
N14;;;
N141;;;
N142;;;
N144;;;
N17;;;
N170;;;
N171;;;
N172;;;
N178;;;
N179;;;
N18;;;rd
N180;;;rd
N181;;;rd
N182;;;rd
N183;;;rd
N184;;;rd
N185;;;rd
N188;;;rd
N189;;;rd
N19;;;rd
N250;;;rd
N999;;;
Q282;;brain_malf;
R160;;ld;
R17;;ld;
N392;;;
R740;;ld;
R75;;hiv;
R791;;ld;
R822;;ld;
R945;;ld;
S020;;brain_traum;
S021;;brain_traum;
S027;;brain_traum;
S029;;brain_traum;
S06;;brain_traum;
S060;;brain_traum;
S0600;;brain_traum;
S0601;;brain_traum;
S061;;brain_traum;
S0610;;brain_traum;
S0611;;brain_traum;
S062;;brain_traum;
S0620;;brain_traum;
S0621;;brain_traum;
S063;;brain_traum;
S0630;;brain_traum;
S0631;;brain_traum;
S064;;brain_traum;
S0640;;brain_traum;
S0641;;brain_traum;
S065;;brain_traum;
S0650;;brain_traum;
S0651;;brain_traum;
S066;;brain_traum;
S0660;;brain_traum;
S0661;;brain_traum;
S067;;brain_traum;
S0670;;brain_traum;
S0671;;brain_traum;
S068;;brain_traum;
S0680;;brain_traum;
S0681;;brain_traum;
S069;;brain_traum;
S0690;;brain_traum;
S0691;;brain_traum;
S07;;brain_traum;
S070;;brain_traum;
S071;;brain_traum;
S078;;brain_traum;
S079;;brain_traum;
T51;;alcool;
T510;;alcool;
T511;;alcool;
T512;;alcool;
T513;;alcool;
T518;;alcool;
T519;;alcool;
T652;;smoke;
T864;;ld;
Z21;;hiv;hiv
Z490;;;rd
Z491;;;rd
Z492;;;rd
Z502;;alcool;
Z510;;radioth;
Z5100;;radioth;
Z5101;;radioth;
Z511;;chimio;
Z714;;alcool;
Z716;;smoke;
Z720;;smoke;
Z721;;alcool;
Z940;;;rd
Z944;;ld;mld
Z958;;;pvd
Z9580;;;pvd
Z9588;;;pvd
Z959;;;pvd
Z992;;;rd
P290;;;
R568;;;
